82, 82, 36, 36, 40, 40, 76, 76, 96, 96, 36, 36, 56, 56, 40,
       40, 102, 102, 80, 80, 40, 40, 24, 24, 52, 52, 120, 120, 70, 70,
       108, 108, 26, 26, 108, 108, 102, 102, 114, 114, 102, 102, 122,
       122, 84, 84, 126, 126, 106, 106, 118, 118, 98, 98, 92, 92, 118,
       118, 44, 44, 96, 96, 94, 94, 90, 90, 110, 110, 28, 28, 84, 84,
       100, 100, 10, 10, 106, 106, 12, 12, 104, 104, 84, 84, 22, 22, 90,
       90, 50, 50, 24, 24, 114, 114, 10, 10, 20, 20, 42, 42, 78, 78, 110,
       110, 94, 94, 86, 86, 122, 122, 86, 86, 94, 94, 108, 108, 68, 68,
       18, 18, 104, 104, 64, 64, 0, 0, 114, 114, 82, 82, 36, 36, 40, 40,
       76, 76, 96, 96, 36, 36, 56, 56, 40, 40, 102, 102, 80, 80, 40, 40,
       24, 24, 52, 52, 120, 120, 70, 70, 108, 108, 26, 26, 108, 108, 102,
       102, 114, 114, 102, 102, 122, 122, 84, 84, 126, 126, 106, 106,
       118, 118, 98, 98, 92, 92, 118, 118, 44, 44, 96, 96, 94, 94, 90,
       90, 110, 110, 28, 28, 84, 84, 100, 100, 10, 10, 106, 106, 12, 12,
       104, 104, 84, 84, 22, 22, 90, 90, 50, 50, 24, 24, 114, 114, 10,
       10, 20, 20, 42, 42, 78, 78, 110, 110, 94, 94, 86, 86, 122, 122,
       86, 86, 94, 94, 108, 108, 68, 68, 18, 18, 104, 104, 64, 64, 0, 0,
       114, 114, 66, 66, 60, 60, 50, 50, 22, 22, 62, 62, 106, 106, 66,
       66, 82, 82, 20, 20, 102, 102, 18, 18, 68, 68, 20, 20, 0, 0, 116,
       116, 58, 58, 12, 12, 8, 8, 56, 56, 6, 6, 78, 78, 78, 78, 44, 44,
       120, 120, 42, 42, 32, 32, 36, 36, 96, 96, 112, 112, 82, 82, 108,
       108, 14, 14, 112, 112, 48, 48, 86, 86, 80, 80, 120, 120, 12, 12,
       50, 50, 122, 122, 90, 90, 52, 52, 78, 78, 88, 88, 102, 102, 124,
       124, 126, 126, 60, 60, 108, 108, 48, 48, 14, 14, 116, 116, 60, 60,
       34, 34, 80, 80, 84, 84, 38, 38, 34, 34, 20, 20, 40, 40, 120, 120,
       0, 0, 42, 42, 68, 68, 66, 66, 60, 106, 107, 107, 22, 106, 106,
       107, 107, 108, 108, 112, 112, 113, 113, 114, 114, 18, 18, 18, 19,
       115, 20, 20, 20, 21, 19, 20, 20, 22, 22, 23, 23, 23, 24, 30, 31,
       32, 32, 33, 82, 82, 27, 28, 13, 14, 15, 16, 29, 30, 30, 31, 31,
       31, 112, 112, 107, 108, 108, 108, 109, 109, 110, 110, 111, 111,
       112, 68, 69, 113, 89, 89, 90, 90, 90, 91, 91, 91, 119, 119, 120,
       120, 121, 121, 122, 122, 123, 123, 84, 85, 85, 86, 86, 87, 87, 87,
       88, 88, 118, 119, 119, 119, 19, 113, 113, 106, 107, 108, 108, 109,
       112, 113, 113, 114, 115, 115, 116, 117, 68, 69, 70, 0, 42, 42, 68,
       68, 36, 36, 40, 106, 106, 107, 108, 22, 106, 109, 110, 110, 108,
       109, 112, 113, 110, 114, 111, 18, 18, 18, 115, 115, 115, 20, 20,
       21, 21, 21, 22, 22, 53, 23, 53, 54, 54, 55, 31, 32, 32, 33, 81,
       93, 93, 13, 13, 14, 15, 16, 17, 50, 51, 52, 53, 54, 55, 56, 107,
       108, 108, 109, 109, 110, 110, 111, 111, 112, 112, 68, 113, 70, 71,
       72, 73, 74, 90, 76, 91, 16, 91, 92, 92, 92, 22, 93, 93, 122, 123,
       123, 84, 85, 85, 85, 86, 86, 87, 87, 88, 118, 118, 119, 91, 119,
       119, 120, 113, 113, 107, 108, 108, 109, 110, 113, 113, 112, 115,
       115, 116, 117, 117, 69, 70, 84, 78, 78, 96, 96, 36, 36, 40, 105,
       106, 107, 107, 108, 109, 109, 110, 110, 111, 111, 112, 109, 113,
       114, 111, 111, 114, 114, 115, 115, 115, 115, 116, 21, 21, 21, 22,
       114, 53, 53, 53, 54, 54, 55, 55, 31, 32, 81, 81, 81, 30, 13, 14,
       15, 16, 17, 18, 50, 51, 52, 53, 54, 56, 57, 58, 58, 60, 61, 107,
       108, 110, 111, 112, 112, 113, 68, 69, 70, 71, 72, 73, 75, 76, 77,
       91, 91, 91, 92, 92, 92, 93, 93, 93, 94, 94, 123, 124, 92, 85, 94,
       86, 86, 87, 87, 88, 88, 118, 118, 119, 119, 119, 119, 112, 106,
       107, 108, 108, 109, 110, 33, 35, 112, 64, 64, 65, 66, 117, 118,
       119, 84, 78, 78, 96, 96, 98, 98, 50, 105, 106, 106, 107, 108, 21,
       109, 109, 110, 108, 108, 109, 109, 113, 110, 111, 111, 18, 114,
       114, 115, 115, 115, 115, 116, 21, 22, 114, 114, 53, 53, 53, 54,
       54, 55, 80, 31, 79, 80, 80, 11, 31, 14, 15, 16, 16, 17, 19, 20,
       51, 52, 53, 54, 56, 57, 58, 59, 60, 109, 107, 108, 109, 110, 111,
       113, 114, 68, 69, 70, 72, 73, 74, 75, 76, 77, 90, 91, 91, 91, 92,
       79, 80, 93, 93, 93, 94, 94, 94, 94, 95, 93, 94, 86, 87, 87, 88,
       88, 89, 118, 118, 119, 119, 112, 112, 113, 113, 114, 115, 115,
       116, 111, 111, 112, 113, 113, 65, 66, 115, 118, 119, 30, 72, 72,
       60, 60, 98, 98, 50, 105, 106, 106, 107, 107, 107, 108, 108, 109,
       110, 108, 109, 14, 15, 16, 16, 17, 18, 19, 20, 114, 115, 115, 115,
       115, 21, 22, 22, 52, 53, 53, 53, 54, 54, 55, 80, 80, 32, 79, 31,
       12, 14, 14, 15, 17, 17, 18, 19, 20, 51, 53, 54, 55, 56, 57, 58,
       59, 60, 61, 62, 110, 109, 111, 111, 112, 67, 68, 70, 71, 72, 72,
       74, 75, 76, 77, 90, 91, 91, 50, 74, 79, 103, 108, 93, 93, 94, 94,
       95, 95, 95, 96, 96, 86, 87, 87, 87, 88, 89, 118, 118, 118, 119,
       116, 112, 112, 113, 114, 115, 115, 113, 113, 111, 112, 115, 113,
       114, 115, 115, 116, 119, 30, 72, 72, 60, 60, 102, 102, 100, 100,
       102, 106, 106, 107, 107, 108, 108, 109, 110, 111, 111, 112, 112,
       15, 16, 17, 18, 116, 116, 117, 115, 115, 115, 115, 116, 116, 22,
       22, 53, 53, 54, 54, 55, 94, 94, 69, 79, 79, 31, 32, 14, 15, 16,
       17, 18, 15, 19, 50, 52, 53, 54, 55, 56, 57, 58, 59, 60, 61, 34,
       35, 108, 36, 37, 112, 67, 69, 70, 71, 72, 73, 74, 75, 76, 77, 78,
       79, 66, 66, 79, 80, 108, 108, 108, 109, 94, 111, 112, 95, 95, 95,
       86, 86, 94, 87, 119, 88, 89, 116, 118, 118, 116, 116, 117, 112,
       113, 114, 115, 115, 116, 117, 110, 110, 110, 113, 114, 117, 115,
       116, 117, 74, 74, 74, 114, 114, 102, 102, 100, 30, 31, 32, 106,
       107, 107, 108, 107, 107, 108, 108, 111, 112, 112, 12, 16, 17, 18,
       116, 116, 116, 114, 115, 115, 115, 115, 115, 22, 22, 23, 23, 54,
       55, 55, 56, 94, 69, 69, 31, 31, 13, 14, 17, 18, 18, 16, 16, 17,
       22, 52, 53, 54, 55, 56, 57, 58, 59, 60, 61, 34, 35, 36, 109, 110,
       111, 68, 69, 70, 71, 72, 73, 74, 75, 76, 77, 78, 90, 90, 62, 62,
       62, 79, 28, 29, 29, 110, 94, 94, 95, 95, 95, 93, 94, 94, 96, 119,
       96, 97, 97, 98, 115, 116, 116, 117, 117, 113, 118, 115, 115, 116,
       117, 117, 110, 110, 113, 114, 115, 115, 116, 119, 74, 74, 74, 114,
       114, 14, 14, 30, 30, 31, 32, 106, 107, 107, 107, 107, 110, 111,
       111, 111, 111, 112, 113, 16, 17, 18, 18, 116, 116, 114, 114, 114,
       21, 21, 22, 22, 22, 23, 23, 24, 55, 55, 56, 95, 69, 70, 70, 31,
       32, 17, 18, 18, 14, 17, 18, 18, 18, 52, 53, 54, 55, 56, 57, 58,
       59, 60, 61, 34, 63, 64, 65, 65, 67, 68, 69, 70, 71, 72, 73, 74,
       75, 76, 77, 78, 105, 105, 62, 62, 63, 79, 108, 108, 64, 110, 110,
       111, 111, 112, 95, 95, 96, 96, 96, 119, 120, 120, 121, 122, 122,
       116, 116, 117, 117, 114, 118, 115, 114, 115, 117, 116, 117, 114,
       114, 114, 115, 117, 118, 119, 78, 104, 104, 78, 78, 14, 14, 30,
       30, 31, 105, 106, 106, 107, 108, 110, 110, 110, 111, 111, 111,
       112, 11, 113, 113, 114, 115, 115, 113, 114, 114, 114, 115, 115,
       22, 22, 23, 23, 23, 24, 116, 55, 56, 69, 69, 70, 31, 32, 31, 18,
       19, 18, 19, 17, 17, 18, 19, 52, 53, 54, 55, 56, 57, 58, 59, 60,
       34, 34, 63, 64, 65, 65, 66, 68, 69, 70, 71, 72, 73, 74, 75, 76,
       77, 78, 105, 105, 60, 63, 63, 63, 64, 64, 64, 64, 66, 66, 113,
       114, 114, 115, 115, 118, 118, 119, 120, 120, 121, 122, 122, 123,
       111, 111, 111, 114, 114, 113, 114, 117, 117, 118, 119, 119, 114,
       114, 114, 115, 118, 119, 78, 104, 104, 78, 78, 72, 72, 16, 30,
       104, 105, 33, 34, 36, 109, 110, 110, 110, 110, 8, 9, 9, 10, 11,
       12, 114, 114, 115, 115, 113, 114, 114, 122, 122, 114, 114, 23, 23,
       115, 115, 115, 55, 69, 69, 69, 69, 30, 31, 31, 18, 18, 19, 20, 17,
       17, 19, 19, 20, 53, 54, 55, 56, 57, 58, 59, 60, 61, 62, 63, 64,
       65, 65, 66, 68, 69, 70, 71, 72, 73, 63, 76, 76, 77, 78, 79, 80,
       81, 40, 40, 40, 64, 64, 66, 67, 66, 67, 116, 114, 114, 115, 115,
       116, 117, 114, 115, 116, 121, 109, 110, 110, 111, 111, 103, 103,
       102, 103, 116, 116, 117, 118, 119, 119, 114, 114, 114, 115, 115,
       119, 58, 24, 24, 82, 82, 72, 72, 16, 63, 63, 64, 64, 64, 36, 37,
       110, 110, 108, 6, 8, 9, 9, 10, 11, 18, 19, 112, 113, 113, 113,
       113, 121, 122, 122, 122, 122, 114, 114, 115, 24, 115, 68, 69, 69,
       69, 70, 30, 31, 31, 32, 19, 15, 17, 18, 17, 18, 20, 53, 53, 54,
       55, 56, 57, 58, 59, 60, 61, 62, 63, 65, 65, 66, 67, 68, 69, 70,
       71, 73, 74, 63, 76, 76, 78, 78, 79, 80, 81, 102, 40, 41, 41, 46,
       66, 67, 112, 112, 113, 114, 118, 118, 119, 118, 114, 114, 115,
       116, 109, 109, 110, 110, 59, 71, 100, 101, 102, 115, 116, 117,
       116, 117, 117, 118, 120, 113, 114, 114, 115, 116, 58, 24, 24, 82,
       82, 12, 12, 76, 63, 64, 63, 64, 64, 65, 18, 19, 108, 108, 6, 7, 7,
       8, 9, 6, 17, 19, 19, 118, 119, 113, 121, 121, 121, 122, 112, 122,
       122, 114, 23, 24, 24, 25, 69, 69, 69, 70, 70, 70, 71, 71, 15, 15,
       17, 17, 18, 17, 18, 53, 53, 54, 55, 56, 57, 58, 59, 60, 61, 62,
       64, 65, 65, 66, 66, 68, 68, 71, 72, 73, 74, 74, 75, 76, 77, 78,
       79, 81, 81, 82, 83, 84, 41, 42, 43, 47, 112, 112, 113, 114, 118,
       112, 119, 113, 114, 115, 116, 116, 77, 78, 78, 78, 74, 103, 104,
       104, 107, 107, 116, 109, 109, 110, 111, 118, 118, 113, 113, 114,
       115, 116, 58, 62, 62, 58, 58, 12, 12, 76, 63, 63, 64, 64, 64, 17,
       18, 19, 17, 18, 107, 6, 7, 7, 5, 11, 104, 16, 117, 118, 119, 120,
       121, 121, 121, 121, 122, 122, 122, 56, 56, 47, 48, 68, 69, 69, 69,
       70, 70, 70, 71, 71, 44, 15, 17, 18, 19, 19, 21, 53, 53, 54, 55,
       56, 57, 58, 59, 60, 61, 63, 63, 47, 65, 65, 66, 67, 69, 71, 72,
       73, 74, 74, 75, 76, 77, 78, 80, 81, 81, 82, 51, 84, 85, 86, 68,
       69, 69, 47, 113, 114, 113, 112, 119, 113, 114, 115, 116, 101, 101,
       102, 102, 103, 103, 103, 104, 105, 106, 107, 108, 109, 109, 110,
       111, 118, 112, 113, 113, 114, 115, 116, 58, 62, 62, 58, 58, 102,
       102, 74, 62, 62, 64, 62, 65, 66, 18, 17, 17, 107, 107, 107, 6, 6,
       19, 20, 21, 18, 19, 20, 120, 120, 120, 121, 121, 121, 54, 122, 55,
       122, 56, 57, 48, 48, 49, 50, 70, 70, 70, 71, 71, 71, 44, 16, 17,
       18, 19, 20, 21, 22, 54, 55, 55, 56, 57, 58, 59, 61, 62, 62, 63,
       64, 65, 66, 67, 67, 69, 70, 72, 73, 73, 75, 76, 76, 77, 78, 79,
       81, 82, 82, 83, 84, 85, 86, 74, 87, 43, 47, 113, 114, 118, 118,
       119, 113, 114, 49, 100, 101, 49, 49, 102, 102, 103, 103, 105, 107,
       106, 107, 107, 108, 109, 109, 111, 111, 112, 113, 113, 114, 92,
       116, 36, 58, 58, 14, 14, 102, 102, 74, 63, 64, 64, 64, 65, 65, 66,
       18, 19, 21, 107, 107, 6, 18, 19, 20, 21, 18, 19, 20, 21, 120, 120,
       120, 53, 54, 54, 55, 55, 56, 56, 57, 123, 69, 49, 50, 70, 70, 71,
       42, 43, 43, 44, 17, 18, 19, 12, 21, 21, 19, 23, 23, 55, 56, 57,
       58, 59, 60, 61, 62, 63, 64, 64, 65, 67, 68, 68, 70, 72, 73, 74,
       75, 75, 76, 77, 78, 79, 80, 82, 82, 83, 84, 85, 86, 87, 30, 43,
       113, 113, 31, 118, 118, 113, 113, 84, 84, 27, 101, 50, 50, 50,
       102, 103, 103, 106, 107, 108, 109, 109, 110, 111, 111, 110, 118,
       112, 113, 113, 92, 92, 116, 36, 58, 58, 14, 14, 6, 6, 112, 63, 64,
       64, 63, 64, 64, 14, 18, 16, 17, 107, 107, 107, 25, 27, 20, 21, 18,
       19, 19, 21, 22, 53, 53, 54, 54, 121, 121, 121, 55, 56, 122, 123,
       69, 69, 50, 50, 70, 70, 42, 42, 43, 44, 26, 18, 12, 13, 13, 18,
       22, 22, 23, 55, 56, 57, 58, 59, 60, 61, 62, 63, 64, 65, 66, 66,
       69, 70, 71, 71, 73, 73, 74, 75, 76, 78, 78, 79, 80, 81, 82, 83,
       84, 85, 86, 87, 30, 31, 32, 32, 32, 118, 119, 110, 111, 111, 40,
       85, 53, 53, 101, 102, 102, 103, 104, 104, 105, 108, 109, 109, 110,
       111, 112, 110, 111, 112, 90, 91, 91, 92, 93, 120, 104, 104, 32,
       32, 6, 6, 112, 63, 64, 64, 65, 64, 64, 6, 6, 16, 17, 21, 6, 7, 25,
       26, 26, 17, 18, 19, 19, 20, 22, 55, 55, 54, 54, 121, 121, 121,
       121, 122, 122, 122, 123, 49, 50, 51, 70, 52, 72, 42, 72, 44, 45,
       11, 12, 12, 14, 18, 19, 26, 26, 55, 56, 57, 58, 60, 60, 61, 62,
       63, 64, 65, 66, 67, 68, 69, 70, 72, 72, 74, 74, 75, 76, 77, 78,
       79, 80, 82, 82, 83, 84, 85, 86, 87, 88, 32, 32, 32, 33, 109, 119,
       48, 49, 84, 40, 41, 50, 50, 54, 17, 18, 18, 19, 20, 21, 22, 94,
       109, 110, 111, 110, 110, 111, 112, 112, 113, 114, 114, 115, 120,
       104, 104, 32, 32, 62, 62, 28, 29, 29, 71, 70, 5, 5, 6, 6, 7, 10,
       6, 6, 7, 6, 6, 7, 7, 10, 19, 19, 20, 23, 33, 55, 55, 120, 120,
       121, 121, 121, 56, 122, 122, 122, 68, 50, 51, 51, 52, 72, 72, 72,
       44, 45, 19, 17, 12, 18, 18, 19, 26, 26, 56, 56, 57, 61, 60, 61,
       61, 62, 63, 64, 65, 66, 67, 68, 69, 70, 72, 73, 73, 75, 75, 76,
       77, 78, 79, 80, 81, 82, 83, 84, 85, 86, 87, 88, 32, 32, 36, 33,
       33, 49, 49, 50, 40, 41, 41, 50, 15, 16, 17, 18, 19, 19, 104, 105,
       106, 94, 94, 108, 109, 110, 110, 9, 10, 112, 116, 116, 114, 115,
       112, 38, 38, 30, 30, 62, 62, 28, 70, 70, 71, 70, 70, 71, 6, 6, 8,
       8, 8, 6, 7, 7, 7, 9, 9, 10, 18, 19, 22, 33, 33, 63, 56, 56, 64,
       64, 57, 57, 56, 121, 122, 122, 122, 50, 69, 70, 52, 72, 72, 73,
       44, 45, 16, 17, 12, 13, 14, 25, 25, 55, 55, 57, 57, 62, 62, 48,
       61, 63, 63, 64, 65, 66, 67, 68, 69, 70, 71, 72, 73, 74, 75, 76,
       77, 78, 79, 80, 81, 82, 83, 84, 85, 86, 87, 88, 32, 36, 36, 35,
       35, 49, 57, 50, 51, 41, 50, 51, 51, 16, 17, 18, 19, 19, 20, 21,
       93, 94, 94, 95, 106, 9, 10, 9, 10, 115, 116, 116, 114, 115, 112,
       38, 38, 30, 30, 18, 18, 40, 70, 70, 77, 77, 70, 71, 7, 7, 8, 8,
       18, 19, 19, 7, 14, 15, 15, 18, 18, 21, 13, 23, 24, 63, 63, 63, 64,
       64, 65, 66, 66, 67, 67, 122, 50, 50, 51, 52, 52, 71, 72, 73, 44,
       45, 16, 17, 12, 20, 20, 25, 25, 26, 26, 56, 58, 58, 59, 60, 61,
       62, 63, 64, 65, 66, 67, 68, 69, 70, 71, 73, 73, 74, 76, 77, 77,
       78, 79, 81, 81, 82, 83, 84, 85, 86, 87, 32, 32, 33, 33, 33, 35,
       57, 57, 57, 58, 41, 50, 67, 16, 16, 17, 18, 19, 19, 20, 21, 22,
       42, 94, 95, 95, 96, 10, 9, 10, 115, 8, 9, 10, 115, 4, 104, 104,
       16, 16, 18, 18, 40, 69, 70, 70, 69, 70, 70, 71, 71, 8, 8, 18, 19,
       19, 20, 21, 15, 18, 19, 20, 21, 19, 20, 21, 22, 57, 64, 64, 65,
       65, 66, 66, 67, 67, 68, 68, 51, 47, 70, 52, 71, 72, 44, 45, 46,
       47, 48, 49, 19, 24, 25, 25, 42, 42, 56, 58, 58, 59, 60, 60, 62,
       63, 64, 65, 66, 67, 68, 69, 70, 71, 72, 73, 74, 75, 76, 77, 78,
       79, 80, 81, 82, 83, 84, 85, 86, 87, 32, 89, 90, 33, 27, 28, 28,
       57, 58, 58, 58, 58, 67, 16, 16, 17, 18, 19, 19, 20, 92, 22, 93,
       94, 94, 8, 9, 10, 9, 10, 11, 12, 12, 10, 10, 4, 104, 104, 16, 16,
       58, 58, 118, 69, 59, 60, 60, 70, 63, 63, 64, 64, 2, 3, 3, 19, 20,
       21, 21, 14, 19, 20, 20, 21, 20, 12, 63, 64, 64, 64, 64, 65, 65,
       66, 67, 67, 68, 68, 47, 47, 52, 52, 53, 73, 43, 45, 46, 47, 48,
       49, 50, 51, 25, 25, 54, 63, 56, 57, 58, 59, 60, 60, 63, 63, 64,
       65, 66, 67, 68, 69, 70, 72, 72, 74, 75, 75, 76, 77, 78, 79, 80,
       81, 82, 83, 84, 85, 86, 87, 88, 89, 90, 91, 28, 28, 29, 36, 58,
       58, 59, 59, 99, 67, 101, 102, 18, 19, 19, 91, 92, 92, 93, 94, 6,
       6, 7, 8, 9, 10, 10, 11, 12, 13, 14, 112, 50, 50, 100, 100, 58, 58,
       118, 121, 121, 122, 60, 61, 61, 63, 64, 64, 62, 63, 61, 20, 20,
       50, 51, 51, 19, 19, 20, 17, 21, 12, 63, 64, 62, 64, 65, 65, 65,
       66, 65, 69, 70, 70, 47, 48, 52, 53, 53, 58, 55, 55, 46, 47, 48,
       49, 50, 51, 52, 53, 54, 55, 56, 57, 58, 59, 60, 60, 61, 63, 64,
       65, 66, 66, 68, 69, 70, 72, 72, 74, 74, 76, 76, 77, 78, 79, 80,
       81, 82, 83, 84, 85, 86, 87, 88, 89, 90, 91, 56, 57, 57, 57, 58,
       58, 59, 98, 99, 100, 101, 102, 102, 19, 19, 20, 21, 22, 93, 94,
       94, 6, 10, 8, 12, 12, 10, 11, 12, 12, 13, 112, 50, 50, 100, 100,
       44, 44, 118, 118, 121, 120, 61, 61, 61, 62, 64, 65, 65, 60, 61,
       61, 62, 62, 51, 52, 52, 63, 22, 38, 67, 63, 63, 62, 62, 64, 65,
       65, 66, 66, 69, 69, 70, 47, 47, 70, 52, 53, 54, 54, 55, 56, 46,
       47, 48, 49, 50, 51, 52, 53, 54, 55, 56, 57, 58, 59, 60, 61, 62,
       63, 64, 64, 66, 67, 68, 70, 71, 72, 73, 74, 75, 76, 77, 78, 78,
       79, 80, 81, 83, 83, 84, 85, 86, 87, 88, 89, 90, 91, 92, 93, 57,
       37, 58, 58, 38, 98, 99, 100, 101, 102, 103, 19, 20, 20, 21, 22,
       36, 37, 37, 37, 6, 8, 8, 9, 10, 11, 12, 12, 13, 64, 44, 44, 124,
       124, 44, 44, 118, 11, 60, 60, 61, 63, 62, 64, 64, 65, 65, 66, 61,
       62, 63, 51, 51, 62, 63, 63, 22, 64, 65, 63, 13, 14, 64, 64, 65,
       65, 66, 69, 69, 69, 69, 70, 70, 70, 52, 53, 54, 55, 55, 56, 46,
       47, 48, 49, 50, 51, 52, 53, 54, 55, 56, 57, 58, 59, 60, 61, 62,
       63, 63, 65, 66, 67, 69, 70, 71, 72, 73, 74, 75, 76, 77, 78, 78,
       79, 80, 81, 82, 84, 85, 85, 86, 87, 88, 89, 91, 91, 92, 93, 57,
       95, 95, 96, 97, 98, 99, 100, 101, 102, 103, 19, 20, 37, 36, 36,
       36, 37, 13, 14, 13, 14, 14, 14, 17, 18, 18, 12, 13, 64, 44, 44,
       124, 124, 38, 38, 48, 11, 11, 12, 12, 12, 64, 64, 65, 65, 66, 66,
       61, 62, 62, 61, 52, 61, 63, 63, 64, 67, 68, 13, 13, 14, 64, 64,
       65, 65, 66, 68, 69, 69, 69, 69, 67, 70, 71, 72, 72, 55, 55, 59,
       46, 60, 61, 49, 50, 51, 52, 53, 54, 55, 56, 58, 59, 60, 60, 61,
       62, 62, 63, 65, 66, 67, 69, 70, 71, 72, 73, 74, 75, 76, 77, 78,
       78, 79, 80, 81, 83, 84, 85, 86, 86, 87, 88, 89, 90, 91, 92, 93,
       57, 95, 96, 96, 97, 98, 99, 101, 101, 102, 103, 19, 20, 20, 21,
       11, 12, 12, 13, 14, 14, 15, 15, 16, 17, 18, 20, 19, 13, 90, 30,
       30, 40, 40, 38, 38, 48, 11, 11, 12, 12, 12, 13, 13, 13, 63, 64,
       46, 64, 65, 62, 61, 62, 60, 61, 63, 55, 64, 65, 12, 28, 14, 14,
       65, 65, 65, 68, 68, 69, 69, 69, 66, 67, 67, 71, 72, 72, 43, 59,
       45, 46, 60, 61, 49, 50, 51, 52, 53, 54, 55, 56, 58, 59, 60, 61,
       61, 62, 63, 64, 65, 66, 67, 69, 70, 71, 72, 73, 74, 75, 76, 77,
       78, 79, 80, 80, 82, 83, 84, 84, 86, 86, 87, 88, 89, 90, 91, 92,
       93, 94, 95, 96, 97, 97, 98, 99, 40, 102, 102, 103, 104, 20, 20,
       97, 11, 10, 11, 13, 14, 14, 16, 17, 18, 26, 17, 18, 18, 19, 90,
       30, 30, 40, 40, 56, 56, 72, 11, 11, 12, 12, 44, 44, 45, 45, 45,
       44, 46, 47, 45, 45, 61, 62, 62, 54, 55, 55, 78, 79, 80, 8, 13, 14,
       65, 65, 65, 68, 68, 46, 46, 66, 66, 67, 67, 71, 13, 72, 43, 59,
       60, 46, 60, 36, 49, 50, 51, 52, 53, 54, 55, 56, 58, 59, 60, 61,
       62, 62, 63, 64, 65, 66, 67, 68, 70, 70, 72, 73, 74, 75, 76, 77,
       78, 79, 80, 80, 82, 83, 84, 84, 86, 86, 87, 88, 89, 90, 91, 92,
       93, 94, 95, 96, 97, 97, 98, 99, 100, 101, 102, 38, 98, 20, 112,
       97, 98, 98, 113, 114, 114, 114, 115, 24, 25, 26, 27, 18, 18, 19,
       124, 6, 6, 64, 64, 56, 56, 72, 11, 11, 12, 14, 14, 44, 45, 45, 15,
       44, 45, 45, 46, 79, 80, 62, 60, 54, 81, 73, 73, 79, 9, 8, 6, 14,
       15, 15, 68, 68, 46, 46, 46, 66, 66, 68, 12, 13, 13, 42, 43, 44,
       45, 46, 47, 48, 49, 50, 51, 52, 53, 54, 55, 57, 58, 59, 60, 61,
       62, 63, 63, 64, 33, 66, 67, 69, 70, 71, 72, 73, 74, 75, 76, 77,
       78, 79, 80, 81, 81, 82, 84, 84, 86, 86, 87, 88, 89, 90, 91, 92,
       93, 95, 95, 96, 97, 98, 99, 99, 101, 101, 97, 97, 98, 98, 112,
       112, 113, 98, 113, 114, 114, 114, 115, 25, 25, 25, 27, 18, 19, 19,
       124, 6, 6, 64, 64, 64, 64, 10, 11, 12, 12, 12, 14, 14, 45, 15, 15,
       44, 81, 78, 78, 79, 80, 81, 79, 80, 81, 57, 58, 20, 11, 12, 13,
       14, 15, 67, 67, 68, 46, 46, 46, 65, 68, 68, 12, 13, 25, 42, 43,
       44, 45, 46, 47, 48, 49, 50, 51, 52, 53, 55, 55, 56, 57, 59, 59,
       60, 62, 62, 63, 64, 65, 66, 67, 69, 69, 71, 72, 73, 74, 75, 76,
       77, 78, 79, 80, 81, 82, 82, 84, 84, 85, 86, 87, 88, 89, 90, 91,
       92, 93, 94, 95, 96, 97, 98, 99, 99, 97, 97, 97, 98, 98, 98, 112,
       112, 113, 113, 114, 114, 114, 114, 115, 25, 25, 25, 25, 27, 27,
       19, 80, 18, 18, 26, 26, 64, 64, 10, 15, 16, 16, 16, 17, 13, 46,
       47, 47, 82, 82, 82, 78, 78, 79, 74, 80, 75, 76, 39, 58, 59, 11,
       12, 13, 14, 33, 67, 67, 46, 47, 47, 46, 20, 29, 30, 12, 13, 13,
       14, 43, 44, 45, 46, 47, 48, 39, 50, 51, 53, 53, 55, 56, 56, 58,
       59, 59, 61, 62, 63, 63, 64, 65, 66, 67, 68, 69, 24, 72, 73, 74,
       75, 28, 28, 29, 101, 79, 28, 82, 82, 83, 84, 85, 86, 87, 88, 89,
       90, 91, 92, 93, 94, 95, 96, 96, 98, 100, 99, 100, 101, 98, 98, 98,
       99, 90, 90, 113, 113, 114, 114, 114, 114, 115, 21, 22, 23, 25, 25,
       27, 27, 80, 18, 18, 26, 26, 0, 0, 112, 3, 16, 16, 16, 17, 17, 17,
       18, 21, 27, 82, 83, 83, 78, 73, 74, 80, 75, 76, 77, 58, 59, 11,
       66, 54, 33, 33, 34, 34, 45, 46, 46, 19, 21, 22, 22, 22, 23, 24,
       42, 43, 44, 45, 46, 47, 48, 39, 38, 51, 52, 53, 54, 55, 56, 58,
       59, 60, 61, 62, 64, 64, 64, 65, 66, 67, 68, 69, 70, 72, 73, 74,
       18, 28, 28, 29, 31, 79, 32, 81, 82, 83, 84, 85, 86, 87, 88, 89,
       90, 91, 92, 93, 94, 95, 95, 97, 98, 99, 99, 101, 101, 102, 103,
       98, 99, 21, 91, 91, 92, 114, 114, 114, 114, 115, 115, 22, 116,
       116, 26, 27, 27, 106, 52, 52, 32, 32, 0, 0, 112, 113, 16, 41, 16,
       73, 17, 18, 21, 21, 17, 20, 20, 20, 21, 21, 74, 74, 75, 76, 77,
       58, 53, 66, 66, 54, 55, 61, 32, 60, 45, 46, 46, 19, 19, 22, 22,
       22, 22, 41, 42, 43, 44, 45, 46, 47, 48, 49, 50, 51, 52, 54, 54,
       56, 57, 58, 59, 60, 31, 30, 32, 32, 32, 32, 66, 67, 68, 69, 70,
       71, 29, 27, 28, 28, 30, 32, 31, 31, 80, 81, 82, 83, 84, 85, 86,
       87, 88, 89, 90, 91, 92, 93, 94, 95, 95, 96, 98, 99, 100, 101, 101,
       102, 103, 104, 105, 90, 91, 91, 92, 92, 115, 93, 116, 117, 115,
       118, 116, 116, 117, 117, 118, 106, 52, 52, 32, 32, 36, 36, 44, 40,
       41, 41, 73, 73, 18, 18, 19, 19, 69, 65, 69, 67, 66, 67, 68, 74,
       75, 76, 77, 21, 54, 54, 54, 54, 55, 61, 62, 60, 56, 64, 64, 19,
       21, 22, 22, 22, 23, 41, 23, 43, 44, 45, 46, 47, 48, 49, 50, 86,
       52, 53, 54, 26, 23, 29, 30, 29, 30, 30, 31, 32, 33, 32, 66, 67,
       68, 69, 70, 29, 29, 30, 30, 31, 31, 31, 32, 31, 80, 81, 82, 83,
       84, 85, 86, 87, 88, 89, 91, 91, 92, 93, 94, 95, 95, 96, 98, 99,
       100, 100, 101, 102, 104, 104, 105, 106, 91, 91, 92, 115, 115, 116,
       116, 117, 117, 118, 119, 39, 117, 117, 118, 90, 32, 32, 82, 82,
       36, 36, 44, 44, 41, 41, 16, 16, 18, 18, 19, 68, 69, 69, 70, 67,
       68, 67, 68, 29, 29, 30, 30, 21, 54, 54, 54, 54, 55, 60, 60, 60,
       64, 9, 10, 19, 21, 21, 21, 22, 22, 41, 42, 42, 43, 44, 46, 47, 48,
       49, 50, 86, 21, 21, 26, 26, 27, 29, 27, 29, 30, 30, 31, 30, 31,
       33, 66, 67, 23, 24, 30, 30, 31, 31, 31, 32, 32, 31, 73, 31, 80,
       81, 82, 83, 84, 85, 86, 88, 89, 89, 90, 91, 93, 93, 94, 95, 96,
       97, 98, 99, 100, 101, 101, 102, 103, 104, 105, 106, 107, 108, 114,
       115, 115, 116, 117, 117, 118, 108, 39, 40, 40, 40, 41, 90, 32, 32,
       82, 82, 60, 60, 44, 27, 27, 27, 16, 17, 18, 18, 19, 69, 69, 69,
       70, 67, 71, 71, 72, 28, 29, 30, 30, 22, 22, 23, 54, 55, 55, 61,
       61, 61, 64, 64, 18, 19, 20, 21, 21, 22, 23, 24, 41, 42, 44, 45,
       46, 47, 48, 49, 82, 82, 21, 22, 25, 26, 27, 29, 27, 29, 29, 30,
       32, 33, 32, 22, 23, 67, 68, 24, 24, 30, 31, 31, 31, 32, 28, 73,
       73, 73, 74, 81, 82, 83, 84, 86, 87, 87, 88, 89, 90, 91, 92, 93,
       94, 95, 96, 97, 98, 99, 99, 101, 101, 102, 103, 104, 105, 106,
       107, 108, 115, 115, 116, 116, 117, 117, 107, 108, 108, 109, 110,
       41, 41, 40, 90, 90, 74, 74, 60, 60, 44, 36, 37, 37, 16, 17, 17,
       17, 19, 69, 69, 70, 70, 70, 71, 71, 72, 56, 29, 30, 21, 22, 23,
       54, 54, 54, 55, 62, 64, 61, 17, 65, 18, 19, 18, 20, 21, 22, 23,
       24, 25, 43, 44, 45, 46, 47, 48, 49, 64, 63, 64, 22, 22, 21, 27,
       27, 28, 29, 28, 30, 28, 23, 24, 51, 52, 52, 68, 23, 24, 25, 25,
       17, 15, 32, 21, 73, 73, 74, 74, 74, 82, 83, 84, 85, 86, 87, 89,
       90, 90, 91, 92, 93, 94, 95, 96, 97, 98, 99, 100, 101, 101, 102,
       103, 104, 105, 106, 107, 108, 115, 115, 104, 117, 117, 118, 118,
       108, 108, 40, 110, 41, 41, 40, 90, 90, 74, 74, 90, 90, 40, 26, 27,
       27, 36, 37, 37, 43, 19, 19, 69, 70, 71, 71, 71, 55, 55, 56, 29,
       28, 29, 29, 53, 54, 30, 55, 62, 62, 62, 16, 17, 18, 18, 17, 18,
       15, 23, 24, 22, 23, 23, 43, 44, 45, 46, 47, 48, 49, 63, 63, 64,
       20, 21, 21, 27, 28, 28, 28, 29, 88, 88, 73, 74, 73, 23, 67, 23,
       24, 24, 25, 16, 17, 75, 76, 76, 73, 74, 74, 74, 74, 75, 83, 84,
       86, 87, 87, 88, 89, 90, 91, 92, 92, 94, 95, 96, 97, 98, 99, 99,
       100, 101, 102, 103, 104, 105, 106, 107, 108, 109, 103, 104, 105,
       117, 106, 107, 107, 108, 109, 41, 41, 42, 102, 62, 62, 80, 80, 90,
       90, 40, 26, 27, 61, 36, 37, 37, 20, 20, 69, 70, 70, 71, 28, 28,
       31, 31, 73, 94, 95, 95, 29, 30, 54, 27, 87, 88, 88, 33, 34, 89, 7,
       8, 19, 18, 19, 19, 21, 52, 52, 52, 43, 44, 45, 46, 34, 48, 49, 66,
       63, 64, 69, 95, 21, 76, 27, 26, 26, 111, 112, 24, 25, 26, 26, 72,
       73, 23, 24, 24, 21, 21, 26, 8, 86, 72, 72, 78, 79, 80, 81, 82, 83,
       84, 85, 87, 88, 88, 89, 90, 91, 92, 93, 93, 95, 96, 97, 98, 99,
       100, 101, 101, 102, 103, 104, 105, 106, 107, 108, 103, 103, 104,
       105, 105, 106, 107, 107, 108, 109, 109, 110, 42, 102, 62, 62, 80,
       80, 8, 8, 32, 26, 27, 36, 36, 36, 22, 37, 20, 20, 19, 20, 20, 71,
       30, 31, 78, 92, 92, 93, 92, 114, 111, 27, 28, 87, 88, 88, 89, 88,
       89, 80, 8, 14, 19, 19, 21, 20, 21, 52, 52, 43, 44, 45, 46, 47, 48,
       49, 65, 65, 65, 20, 20, 21, 103, 105, 26, 111, 111, 24, 25, 25,
       26, 96, 96, 74, 74, 71, 99, 21, 21, 29, 29, 86, 87, 77, 74, 79,
       80, 81, 82, 83, 84, 85, 86, 87, 89, 89, 90, 91, 92, 93, 94, 95,
       96, 97, 98, 99, 100, 101, 102, 102, 103, 104, 105, 106, 107, 108,
       110, 109, 110, 110, 105, 106, 107, 107, 113, 114, 109, 110, 111,
       54, 6, 6, 82, 82, 8, 8, 32, 26, 26, 42, 50, 36, 22, 22, 12, 13,
       19, 19, 20, 30, 30, 77, 78, 120, 121, 121, 122, 122, 111, 27, 87,
       87, 43, 43, 88, 88, 81, 80, 80, 80, 19, 18, 18, 18, 21, 23, 30,
       31, 31, 32, 33, 33, 48, 49, 63, 64, 64, 65, 20, 21, 104, 105, 119,
       119, 24, 25, 26, 27, 27, 96, 96, 72, 73, 73, 99, 21, 21, 29, 29,
       28, 29, 77, 78, 79, 80, 81, 82, 83, 84, 85, 86, 87, 88, 89, 90,
       91, 92, 93, 94, 95, 96, 97, 98, 99, 100, 101, 102, 102, 103, 104,
       105, 101, 102, 103, 109, 110, 111, 110, 106, 111, 112, 113, 114,
       114, 115, 116, 117, 54, 6, 6, 82, 82, 86, 86, 116, 50, 51, 19, 50,
       36, 35, 20, 12, 18, 19, 19, 20, 30, 78, 77, 79, 78, 79, 80, 122,
       122, 111, 41, 42, 42, 40, 88, 80, 80, 81, 80, 80, 79, 80, 17, 18,
       21, 20, 24, 24, 25, 44, 45, 45, 33, 34, 34, 77, 77, 64, 65, 65,
       96, 104, 105, 103, 22, 25, 26, 26, 26, 72, 73, 74, 72, 73, 73, 99,
       25, 25, 53, 27, 28, 85, 74, 56, 79, 80, 81, 82, 83, 84, 85, 86,
       87, 88, 89, 90, 91, 92, 93, 94, 95, 96, 97, 98, 99, 100, 101, 102,
       102, 103, 104, 105, 101, 102, 103, 109, 110, 111, 112, 113, 110,
       111, 113, 114, 114, 115, 116, 117, 80, 78, 78, 124, 124, 86, 86,
       116, 18, 19, 19, 19, 32, 33, 33, 21, 18, 21, 19, 20, 20, 77, 77,
       22, 79, 92, 92, 80, 90, 111, 42, 42, 43, 41, 42, 79, 80, 80, 81,
       80, 80, 79, 80, 84, 84, 85, 24, 25, 24, 44, 45, 32, 33, 33, 33,
       77, 94, 95, 95, 96, 96, 104, 105, 23, 24, 25, 25, 26, 26, 70, 71,
       71, 72, 73, 74, 99, 99, 25, 53, 28, 28, 29, 29, 78, 79, 80, 82,
       83, 83, 84, 85, 86, 87, 88, 89, 90, 91, 92, 93, 94, 95, 96, 97,
       98, 99, 100, 100, 101, 102, 103, 104, 105, 106, 102, 103, 108,
       110, 110, 109, 110, 110, 113, 112, 113, 113, 115, 116, 117, 80,
       78, 78, 124, 124, 100, 100, 90, 18, 19, 20, 32, 33, 33, 34, 21,
       21, 21, 22, 89, 90, 90, 91, 91, 92, 92, 93, 91, 90, 54, 57, 57,
       43, 43, 43, 78, 78, 79, 79, 80, 80, 79, 80, 104, 12, 13, 24, 24,
       24, 44, 44, 45, 32, 34, 60, 63, 94, 112, 112, 111, 96, 66, 66, 23,
       24, 25, 25, 26, 26, 65, 65, 71, 73, 73, 89, 99, 99, 100, 26, 28,
       27, 66, 66, 66, 68, 80, 81, 82, 83, 84, 85, 86, 87, 88, 89, 90,
       91, 92, 93, 94, 95, 96, 97, 98, 99, 100, 101, 101, 102, 103, 104,
       105, 103, 102, 103, 103, 104, 107, 108, 109, 110, 113, 112, 113,
       114, 114, 115, 117, 6, 40, 40, 52, 52, 100, 100, 90, 15, 16, 20,
       20, 20, 34, 34, 21, 22, 21, 89, 89, 95, 90, 91, 91, 17, 80, 25,
       24, 77, 25, 26, 27, 40, 43, 42, 49, 78, 78, 79, 77, 78, 79, 49,
       12, 12, 40, 24, 24, 43, 44, 44, 45, 45, 71, 60, 93, 94, 112, 114,
       64, 67, 66, 74, 68, 23, 23, 24, 89, 78, 27, 63, 64, 65, 65, 89,
       102, 103, 25, 26, 26, 49, 49, 50, 68, 47, 80, 81, 82, 83, 84, 85,
       86, 87, 88, 89, 90, 91, 92, 93, 94, 95, 96, 97, 98, 99, 98, 100,
       101, 102, 103, 104, 105, 106, 46, 46, 46, 103, 107, 108, 108, 110,
       108, 112, 110, 111, 113, 115, 5, 6, 40, 40, 52, 52, 108, 108, 114,
       15, 16, 33, 33, 33, 34, 21, 21, 22, 22, 22, 20, 90, 91, 91, 92,
       17, 81, 25, 24, 23, 25, 26, 39, 40, 41, 52, 33, 34, 88, 90, 77,
       47, 48, 79, 12, 12, 40, 40, 24, 43, 44, 44, 45, 45, 63, 60, 63,
       63, 113, 114, 66, 67, 67, 68, 67, 23, 24, 24, 77, 77, 27, 63, 64,
       65, 64, 65, 64, 65, 63, 64, 65, 65, 47, 48, 48, 47, 47, 48, 82,
       83, 84, 85, 86, 87, 88, 89, 90, 91, 92, 93, 94, 95, 96, 96, 98,
       98, 99, 101, 101, 102, 103, 104, 105, 106, 46, 46, 46, 103, 106,
       107, 107, 108, 108, 109, 110, 112, 111, 112, 115, 84, 24, 24, 40,
       40, 108, 108, 114, 20, 19, 19, 20, 20, 20, 21, 21, 22, 22, 22, 20,
       92, 92, 91, 92, 97, 98, 25, 25, 24, 25, 25, 39, 40, 41, 32, 32,
       33, 34, 88, 48, 48, 49, 11, 12, 13, 42, 42, 42, 43, 44, 44, 45,
       46, 47, 63, 64, 64, 64, 65, 65, 46, 44, 32, 12, 12, 24, 24, 26,
       27, 26, 34, 65, 64, 64, 65, 64, 65, 64, 64, 43, 43, 43, 67, 48,
       68, 74, 81, 83, 83, 84, 85, 86, 87, 88, 89, 90, 91, 92, 93, 94,
       95, 95, 96, 97, 98, 99, 100, 101, 102, 103, 104, 105, 106, 107,
       108, 34, 103, 105, 106, 107, 108, 109, 110, 110, 112, 112, 113,
       114, 84, 24, 24, 40, 40, 66, 66, 74, 20, 13, 20, 20, 20, 20, 21,
       21, 22, 22, 23, 23, 93, 92, 45, 45, 45, 95, 25, 25, 26, 25, 25,
       26, 27, 29, 30, 33, 33, 34, 47, 48, 47, 48, 49, 12, 13, 40, 41,
       43, 43, 44, 44, 45, 46, 82, 81, 81, 82, 65, 66, 60, 63, 44, 38,
       23, 23, 24, 27, 26, 26, 27, 20, 19, 20, 35, 74, 75, 75, 76, 64,
       65, 43, 43, 44, 68, 69, 74, 81, 82, 83, 84, 85, 86, 87, 88, 89,
       90, 90, 92, 93, 94, 94, 96, 97, 97, 98, 99, 100, 101, 102, 103,
       104, 105, 106, 107, 108, 109, 39, 38, 46, 107, 107, 108, 109, 110,
       111, 112, 113, 118, 104, 32, 32, 84, 84, 66, 66, 74, 71, 13, 13,
       14, 20, 20, 22, 22, 20, 22, 23, 25, 21, 92, 50, 45, 51, 52, 23,
       24, 24, 27, 26, 26, 28, 29, 30, 17, 25, 78, 79, 79, 44, 48, 49,
       53, 13, 54, 41, 43, 44, 44, 45, 46, 46, 82, 81, 82, 82, 50, 81,
       64, 63, 86, 38, 23, 31, 26, 13, 14, 15, 16, 20, 19, 20, 21, 73,
       75, 74, 76, 75, 76, 43, 49, 49, 45, 46, 47, 81, 82, 83, 84, 85,
       86, 87, 88, 89, 90, 91, 91, 92, 92, 94, 96, 96, 97, 98, 99, 100,
       101, 102, 103, 104, 106, 106, 107, 108, 109, 110, 37, 37, 31, 31,
       31, 109, 110, 115, 116, 117, 116, 104, 32, 32, 84, 84, 96, 96,
       104, 13, 13, 14, 14, 15, 15, 20, 19, 20, 20, 23, 23, 20, 21, 50,
       45, 51, 22, 23, 23, 24, 26, 27, 26, 25, 29, 23, 43, 25, 78, 79,
       79, 47, 48, 49, 50, 13, 41, 41, 43, 43, 44, 45, 45, 33, 84, 84,
       82, 82, 80, 81, 84, 85, 86, 38, 39, 42, 25, 13, 28, 28, 22, 19,
       19, 20, 22, 75, 76, 73, 76, 76, 76, 77, 49, 49, 52, 72, 80, 81,
       82, 83, 84, 85, 86, 87, 88, 89, 90, 91, 91, 92, 94, 94, 95, 96,
       97, 97, 98, 100, 101, 102, 103, 104, 105, 106, 107, 108, 109, 110,
       111, 35, 108, 45, 107, 109, 49, 115, 116, 117, 49, 30, 74, 74, 10,
       10, 96, 96, 104, 14, 13, 14, 14, 17, 18, 20, 19, 19, 21, 20, 20,
       21, 54, 55, 55, 44, 22, 23, 23, 24, 26, 25, 26, 26, 29, 23, 24,
       43, 44, 45, 46, 80, 49, 49, 40, 13, 41, 41, 42, 81, 60, 60, 61,
       83, 84, 85, 83, 84, 83, 81, 84, 86, 86, 39, 40, 42, 43, 13, 37,
       38, 36, 37, 30, 20, 22, 76, 76, 35, 77, 76, 76, 48, 48, 49, 49,
       50, 80, 81, 82, 83, 84, 85, 86, 87, 88, 89, 90, 91, 91, 92, 94,
       94, 95, 95, 96, 97, 98, 100, 101, 102, 103, 104, 105, 106, 107,
       108, 109, 110, 111, 112, 109, 109, 41, 49, 45, 110, 115, 49, 113,
       30, 74, 74, 10, 10, 114, 114, 80, 84, 12, 15, 15, 15, 18, 18, 16,
       9, 9, 20, 20, 21, 21, 22, 43, 44, 20, 20, 21, 24, 24, 25, 25, 26,
       18, 23, 43, 44, 44, 45, 46, 47, 49, 49, 49, 41, 41, 42, 43, 44,
       60, 60, 82, 83, 82, 83, 84, 84, 83, 84, 85, 86, 85, 39, 40, 41,
       42, 43, 44, 45, 46, 47, 29, 30, 48, 76, 34, 34, 77, 76, 77, 47,
       48, 49, 49, 79, 80, 81, 82, 83, 84, 85, 86, 87, 88, 89, 90, 91,
       92, 92, 93, 94, 95, 96, 97, 103, 99, 100, 101, 102, 103, 104, 105,
       106, 107, 108, 109, 110, 118, 112, 103, 109, 110, 109, 49, 48, 48,
       55, 55, 26, 48, 48, 124, 124, 114, 114, 80, 83, 84, 93, 94, 95,
       18, 26, 26, 28, 24, 24, 20, 21, 22, 22, 18, 23, 22, 5, 6, 5, 24,
       24, 25, 41, 41, 42, 43, 44, 44, 45, 46, 47, 48, 49, 50, 51, 52,
       42, 58, 59, 60, 28, 82, 83, 82, 83, 85, 84, 83, 84, 85, 85, 86,
       39, 40, 41, 42, 43, 44, 45, 45, 47, 46, 49, 50, 41, 33, 36, 37,
       76, 77, 47, 48, 48, 49, 21, 80, 81, 82, 83, 84, 85, 86, 87, 88,
       89, 90, 91, 92, 93, 93, 94, 95, 96, 97, 103, 99, 102, 101, 102,
       103, 104, 105, 106, 106, 107, 109, 117, 118, 119, 103, 109, 110,
       108, 51, 52, 54, 55, 55, 26, 48, 48, 124, 124, 88, 88, 10, 89, 91,
       92, 20, 21, 26, 26, 27, 27, 28, 28, 12, 68, 20, 20, 21, 13, 14,
       14, 24, 24, 24, 24, 41, 41, 41, 42, 43, 44, 44, 45, 46, 47, 48,
       49, 50, 51, 54, 58, 59, 27, 28, 28, 46, 82, 82, 83, 85, 82, 82,
       101, 85, 85, 38, 39, 40, 41, 42, 43, 44, 45, 46, 47, 50, 51, 53,
       54, 54, 59, 47, 47, 48, 48, 48, 48, 49, 23, 48, 81, 82, 83, 84,
       85, 86, 87, 88, 89, 90, 91, 92, 93, 94, 94, 95, 96, 97, 98, 99,
       102, 102, 102, 103, 104, 105, 105, 106, 107, 108, 109, 65, 65, 66,
       66, 61, 58, 62, 38, 38, 54, 55, 62, 0, 0, 68, 68, 88, 88, 10, 87,
       88, 91, 88, 94, 122, 121, 19, 57, 76, 18, 19, 19, 20, 21, 21, 22,
       23, 23, 23, 23, 24, 24, 41, 42, 43, 42, 43, 44, 45, 45, 46, 47,
       48, 49, 50, 51, 54, 58, 59, 27, 81, 82, 83, 83, 84, 84, 85, 82,
       83, 101, 84, 85, 86, 84, 39, 41, 42, 43, 46, 45, 46, 47, 48, 49,
       50, 51, 54, 41, 42, 47, 46, 42, 42, 48, 22, 22, 22, 81, 82, 83,
       84, 85, 86, 87, 88, 89, 90, 91, 92, 93, 94, 94, 95, 96, 96, 101,
       100, 100, 102, 102, 103, 104, 104, 105, 106, 107, 108, 109, 108,
       65, 66, 66, 67, 67, 67, 79, 49, 42, 49, 62, 0, 0, 68, 68, 50, 50,
       46, 86, 87, 88, 80, 82, 122, 66, 67, 57, 76, 76, 19, 20, 20, 20,
       21, 22, 22, 15, 23, 49, 49, 24, 41, 41, 43, 42, 43, 44, 45, 45,
       46, 47, 48, 49, 50, 51, 57, 58, 59, 29, 31, 29, 30, 30, 30, 74,
       75, 82, 83, 101, 85, 85, 86, 86, 40, 41, 43, 43, 45, 45, 64, 47,
       48, 48, 53, 53, 39, 41, 42, 40, 41, 41, 21, 21, 22, 22, 22, 39,
       82, 83, 84, 85, 86, 87, 88, 89, 90, 91, 92, 93, 93, 94, 95, 96,
       96, 101, 100, 100, 102, 102, 103, 104, 104, 104, 107, 107, 108,
       105, 106, 65, 109, 66, 67, 59, 59, 62, 79, 49, 49, 64, 6, 6, 100,
       100, 50, 50, 46, 81, 88, 72, 73, 73, 82, 67, 67, 57, 76, 76, 20,
       19, 19, 20, 15, 18, 14, 15, 48, 49, 49, 49, 26, 41, 42, 42, 18,
       44, 45, 46, 46, 47, 48, 49, 38, 51, 56, 58, 58, 29, 31, 106, 106,
       32, 74, 74, 76, 97, 83, 94, 95, 82, 83, 41, 41, 41, 43, 43, 44,
       45, 46, 47, 61, 67, 68, 53, 40, 41, 44, 28, 22, 15, 20, 21, 21,
       21, 21, 81, 82, 83, 84, 85, 86, 87, 88, 89, 90, 91, 92, 93, 93,
       94, 95, 97, 96, 101, 100, 101, 101, 102, 103, 104, 104, 105, 106,
       107, 108, 105, 107, 108, 109, 66, 67, 67, 66, 66, 62, 53, 51, 64,
       6, 6, 100, 100, 100, 100, 108, 81, 95, 86, 73, 73, 74, 74, 82, 83,
       75, 76, 19, 19, 20, 20, 21, 21, 22, 23, 23, 49, 49, 26, 26, 41,
       55, 56, 29, 44, 45, 46, 47, 47, 48, 36, 36, 37, 55, 56, 58, 80,
       81, 29, 106, 103, 75, 76, 76, 94, 94, 93, 95, 82, 77, 54, 40, 42,
       44, 45, 3, 4, 4, 47, 6, 7, 7, 57, 57, 58, 28, 29, 18, 15, 19, 20,
       20, 21, 80, 81, 82, 83, 84, 85, 36, 87, 88, 89, 90, 91, 92, 92,
       94, 94, 95, 96, 96, 97, 98, 99, 101, 102, 103, 104, 105, 106, 106,
       107, 106, 107, 107, 108, 108, 110, 111, 69, 69, 61, 62, 53, 53,
       42, 54, 54, 92, 92, 100, 100, 108, 100, 92, 71, 72, 72, 74, 74,
       81, 75, 75, 76, 76, 18, 19, 19, 21, 21, 22, 46, 23, 24, 49, 50,
       26, 27, 55, 53, 44, 45, 45, 46, 47, 47, 48, 38, 36, 37, 37, 56,
       77, 80, 80, 80, 81, 81, 82, 77, 77, 97, 94, 103, 98, 98, 87, 41,
       42, 43, 43, 45, 45, 3, 4, 52, 6, 7, 7, 8, 57, 28, 28, 64, 22, 30,
       18, 19, 7, 20, 81, 82, 82, 83, 84, 85, 86, 87, 88, 89, 90, 91, 92,
       93, 93, 94, 95, 96, 97, 98, 98, 99, 101, 102, 103, 104, 105, 105,
       106, 107, 106, 106, 107, 108, 109, 111, 111, 62, 62, 62, 80, 53,
       56, 42, 54, 54, 92, 92, 38, 38, 18, 90, 91, 71, 72, 74, 74, 74,
       81, 75, 75, 75, 76, 20, 20, 20, 20, 21, 46, 46, 47, 47, 48, 25,
       26, 27, 21, 20, 44, 44, 45, 46, 47, 47, 48, 39, 27, 37, 29, 29,
       77, 79, 80, 80, 81, 83, 83, 83, 82, 94, 94, 94, 98, 98, 43, 42,
       29, 43, 45, 45, 67, 3, 66, 66, 6, 7, 7, 8, 56, 28, 28, 65, 76, 23,
       10, 11, 12, 80, 80, 81, 83, 83, 84, 85, 86, 87, 57, 57, 90, 91,
       92, 93, 93, 94, 96, 97, 97, 98, 99, 100, 101, 102, 102, 103, 105,
       106, 107, 107, 107, 106, 107, 108, 66, 66, 67, 62, 62, 63, 63, 52,
       53, 100, 52, 52, 38, 38, 38, 38, 18, 94, 90, 90, 90, 73, 74, 71,
       61, 75, 53, 53, 54, 18, 19, 20, 45, 45, 46, 46, 47, 47, 18, 19,
       20, 20, 21, 17, 43, 44, 45, 46, 46, 37, 38, 39, 27, 36, 36, 36,
       37, 79, 81, 80, 82, 82, 83, 83, 83, 94, 94, 94, 98, 98, 88, 42,
       43, 44, 45, 38, 65, 65, 66, 67, 67, 7, 42, 47, 48, 57, 57, 55, 76,
       62, 10, 78, 11, 80, 80, 81, 82, 84, 84, 85, 86, 87, 60, 72, 90,
       91, 92, 120, 94, 95, 96, 96, 97, 98, 99, 104, 101, 102, 103, 103,
       104, 105, 106, 108, 105, 106, 107, 113, 113, 113, 111, 108, 108,
       109, 109, 110, 111, 100, 52, 52, 38, 38, 126, 126, 18, 89, 90, 90,
       73, 74, 74, 60, 60, 52, 53, 53, 54, 29, 42, 42, 44, 45, 43, 46,
       47, 47, 48, 19, 19, 20, 21, 49, 43, 46, 45, 46, 48, 48, 48, 35,
       27, 28, 36, 36, 37, 80, 81, 84, 84, 85, 84, 85, 84, 91, 92, 92,
       92, 95, 95, 96, 43, 44, 45, 38, 65, 65, 65, 67, 67, 55, 42, 43,
       46, 15, 16, 19, 39, 51, 55, 78, 79, 80, 81, 81, 83, 84, 84, 85,
       86, 87, 56, 84, 90, 91, 92, 120, 94, 95, 96, 97, 96, 55, 55, 56,
       79, 102, 103, 116, 104, 123, 28, 29, 109, 106, 107, 117, 117, 114,
       105, 107, 108, 109, 103, 104, 117, 66, 88, 88, 70, 70, 126, 126,
       18, 73, 73, 89, 59, 59, 60, 60, 60, 52, 52, 53, 54, 29, 30, 44,
       44, 45, 45, 44, 47, 47, 49, 48, 49, 49, 49, 48, 43, 46, 85, 46,
       48, 48, 49, 35, 36, 35, 36, 79, 79, 80, 80, 96, 82, 66, 52, 52,
       53, 85, 92, 92, 101, 95, 95, 42, 43, 44, 45, 64, 64, 65, 65, 67,
       67, 47, 45, 48, 48, 47, 16, 19, 19, 20, 54, 78, 79, 80, 81, 81,
       83, 84, 85, 86, 78, 79, 76, 77, 90, 91, 93, 93, 94, 83, 82, 85,
       98, 78, 55, 56, 80, 49, 102, 116, 117, 30, 31, 104, 105, 106, 107,
       116, 116, 114, 115, 107, 108, 109, 109, 100, 101, 66, 88, 88, 70,
       70, 90, 90, 16, 72, 73, 73, 74, 74, 74, 60, 75, 75, 52, 53, 54,
       54, 55, 55, 44, 45, 43, 44, 45, 55, 55, 56, 49, 49, 49, 49, 44,
       78, 85, 46, 47, 48, 34, 36, 36, 78, 31, 32, 32, 80, 80, 81, 82,
       82, 90, 92, 74, 92, 99, 28, 93, 26, 27, 84, 43, 38, 38, 64, 64,
       64, 65, 32, 47, 48, 48, 48, 49, 47, 48, 18, 17, 20, 21, 23, 79,
       15, 17, 17, 83, 84, 85, 85, 79, 79, 79, 80, 90, 91, 92, 98, 83,
       83, 85, 85, 114, 78, 79, 79, 80, 81, 116, 117, 30, 30, 32, 28, 33,
       34, 34, 112, 114, 115, 110, 111, 111, 114, 113, 112, 113, 0, 58,
       58, 72, 72, 90, 90, 16, 16, 40, 52, 46, 47, 47, 75, 75, 43, 52,
       53, 35, 54, 44, 44, 44, 46, 47, 44, 47, 55, 55, 56, 49, 48, 50,
       16, 44, 79, 79, 80, 47, 82, 43, 40, 77, 77, 78, 79, 79, 80, 80,
       81, 77, 77, 90, 91, 92, 93, 99, 99, 94, 93, 26, 84, 95, 95, 95,
       38, 64, 64, 46, 46, 47, 47, 48, 48, 59, 48, 17, 18, 18, 19, 20,
       23, 31, 49, 16, 17, 17, 20, 85, 86, 79, 79, 80, 80, 101, 101, 102,
       83, 83, 84, 85, 114, 114, 110, 79, 80, 122, 116, 116, 117, 29, 31,
       106, 32, 33, 34, 34, 112, 109, 109, 110, 111, 112, 114, 113, 117,
       115, 0, 58, 58, 72, 72, 6, 6, 98, 17, 46, 46, 47, 32, 47, 33, 33,
       34, 34, 35, 35, 44, 44, 45, 46, 46, 47, 47, 59, 48, 48, 56, 47,
       48, 44, 38, 41, 78, 79, 81, 47, 82, 83, 54, 55, 77, 36, 79, 37,
       37, 80, 81, 82, 82, 68, 84, 85, 92, 92, 93, 93, 109, 94, 84, 95,
       95, 96, 38, 64, 64, 48, 65, 47, 48, 48, 49, 38, 36, 36, 16, 18,
       19, 19, 20, 46, 46, 22, 22, 20, 21, 21, 85, 86, 79, 80, 80, 101,
       101, 102, 83, 84, 84, 84, 116, 110, 110, 94, 100, 99, 99, 117, 23,
       24, 30, 106, 107, 108, 108, 109, 112, 109, 110, 110, 111, 112,
       113, 113, 114, 114, 80, 54, 54, 86, 86, 6, 6, 98, 14, 14, 32, 32,
       47, 47, 48, 48, 34, 34, 35, 35, 36, 36, 37, 46, 47, 39, 40, 59,
       40, 49, 47, 47, 48, 39, 39, 56, 78, 80, 81, 82, 83, 83, 54, 55,
       77, 34, 36, 34, 75, 75, 81, 82, 67, 68, 72, 72, 92, 74, 108, 108,
       109, 109, 110, 95, 95, 96, 97, 97, 64, 96, 65, 66, 67, 49, 38, 38,
       36, 37, 16, 38, 19, 21, 20, 47, 46, 22, 22, 20, 20, 21, 25, 97,
       28, 98, 67, 100, 101, 101, 83, 84, 83, 84, 93, 87, 94, 94, 100,
       99, 122, 23, 23, 24, 24, 34, 35, 106, 107, 108, 109, 109, 110,
       111, 112, 112, 113, 113, 116, 114, 80, 54, 54, 86, 86, 66, 66, 34,
       14, 14, 15, 47, 47, 48, 48, 48, 49, 34, 32, 33, 33, 36, 36, 37,
       47, 47, 48, 48, 40, 49, 38, 48, 48, 39, 20, 20, 20, 80, 80, 83,
       83, 48, 54, 52, 77, 34, 41, 41, 44, 76, 79, 80, 80, 83, 84, 72,
       73, 107, 108, 108, 109, 109, 95, 95, 95, 96, 97, 97, 46, 96, 96,
       67, 68, 69, 37, 96, 37, 37, 38, 39, 16, 46, 46, 47, 46, 22, 22,
       22, 20, 20, 27, 27, 84, 84, 72, 72, 73, 73, 84, 84, 84, 84, 93,
       94, 94, 94, 95, 95, 22, 23, 22, 68, 69, 69, 70, 33, 108, 108, 109,
       109, 110, 110, 111, 112, 115, 116, 117, 118, 106, 120, 120, 52,
       52, 66, 66, 34, 41, 15, 15, 47, 47, 48, 48, 48, 50, 50, 33, 33,
       33, 34, 68, 48, 48, 47, 48, 48, 48, 48, 49, 48, 46, 47, 19, 20,
       80, 107, 45, 46, 47, 48, 71, 52, 53, 32, 36, 41, 75, 75, 79, 79,
       80, 72, 72, 72, 85, 101, 108, 109, 110, 105, 93, 105, 92, 96, 96,
       97, 98, 96, 34, 67, 67, 37, 37, 38, 96, 96, 12, 12, 45, 45, 83,
       47, 46, 47, 22, 22, 23, 20, 27, 84, 84, 84, 109, 109, 109, 73, 84,
       84, 84, 85, 93, 94, 94, 94, 95, 124, 122, 21, 22, 68, 69, 70, 71,
       71, 107, 108, 109, 110, 110, 114, 114, 115, 116, 116, 117, 118,
       106, 120, 120, 52, 52, 66, 66, 44, 19, 21, 21, 22, 64, 48, 65, 61,
       47, 35, 34, 76, 77, 34, 28, 83, 48, 53, 26, 27, 49, 99, 102, 102,
       50, 51, 51, 118, 80, 107, 118, 119, 118, 48, 51, 52, 53, 51, 54,
       68, 68, 76, 76, 79, 80, 72, 87, 88, 89, 101, 119, 103, 104, 104,
       105, 105, 93, 97, 97, 97, 97, 98, 34, 35, 40, 25, 37, 38, 95, 95,
       13, 12, 81, 82, 83, 84, 84, 46, 21, 48, 20, 20, 51, 84, 84, 84,
       109, 109, 109, 121, 123, 84, 84, 84, 65, 93, 96, 93, 99, 96, 66,
       67, 68, 68, 69, 70, 45, 45, 111, 112, 113, 114, 115, 88, 88, 89,
       89, 116, 116, 117, 6, 6, 6, 80, 80, 66, 66, 44, 20, 21, 21, 20,
       66, 48, 65, 61, 62, 75, 76, 76, 77, 76, 65, 83, 47, 48, 27, 27,
       49, 49, 102, 102, 50, 65, 20, 79, 80, 118, 118, 118, 118, 118, 51,
       52, 52, 53, 53, 37, 39, 38, 79, 80, 80, 77, 87, 88, 88, 72, 72,
       103, 104, 104, 105, 74, 96, 97, 97, 97, 98, 98, 40, 41, 40, 41,
       37, 11, 12, 12, 12, 26, 28, 49, 34, 81, 93, 46, 47, 19, 19, 49,
       48, 84, 85, 86, 51, 109, 110, 122, 123, 110, 84, 84, 85, 85, 85,
       71, 71, 72, 73, 71, 68, 68, 69, 70, 63, 45, 105, 106, 107, 108,
       115, 102, 100, 101, 103, 104, 105, 117, 6, 6, 6, 80, 80, 58, 58,
       46, 21, 20, 19, 19, 15, 23, 23, 93, 64, 46, 46, 77, 77, 76, 65,
       83, 40, 24, 27, 27, 28, 100, 50, 98, 102, 103, 103, 79, 117, 117,
       118, 21, 47, 71, 72, 73, 52, 52, 53, 39, 39, 39, 38, 38, 81, 81,
       78, 78, 99, 100, 72, 103, 73, 104, 74, 74, 96, 97, 97, 97, 97, 98,
       112, 41, 101, 41, 37, 76, 77, 12, 12, 25, 80, 81, 81, 81, 82, 81,
       81, 82, 25, 55, 51, 47, 85, 86, 50, 50, 51, 110, 110, 110, 110,
       111, 85, 86, 86, 72, 72, 58, 73, 68, 68, 69, 69, 70, 71, 45, 107,
       107, 107, 108, 109, 99, 100, 102, 96, 96, 97, 117, 106, 62, 62,
       64, 64, 58, 58, 46, 18, 18, 19, 19, 25, 6, 45, 45, 46, 46, 46, 47,
       93, 75, 75, 76, 40, 41, 96, 96, 96, 97, 101, 98, 98, 103, 103, 79,
       102, 20, 101, 115, 115, 72, 80, 51, 49, 50, 53, 54, 53, 39, 38,
       80, 80, 81, 81, 82, 99, 100, 100, 101, 73, 84, 73, 74, 74, 108,
       97, 97, 97, 97, 98, 101, 93, 89, 89, 76, 30, 28, 90, 77, 80, 80,
       81, 81, 82, 82, 81, 83, 84, 55, 50, 49, 85, 86, 49, 50, 84, 85,
       85, 86, 86, 112, 112, 113, 67, 68, 72, 72, 73, 68, 68, 69, 69, 43,
       44, 43, 44, 107, 107, 107, 108, 108, 109, 102, 63, 64, 96, 105,
       106, 62, 62, 64, 64, 100, 100, 42, 18, 18, 38, 39, 39, 41, 41, 42,
       55, 63, 48, 48, 82, 75, 76, 76, 41, 41, 95, 96, 96, 100, 101, 97,
       98, 103, 103, 101, 100, 113, 114, 114, 97, 72, 29, 29, 29, 50, 51,
       52, 53, 39, 38, 17, 80, 81, 77, 78, 81, 81, 99, 100, 103, 73, 99,
       73, 104, 108, 75, 84, 85, 98, 92, 93, 93, 97, 85, 90, 90, 90, 79,
       80, 80, 80, 81, 81, 82, 82, 81, 81, 65, 55, 50, 49, 85, 49, 49,
       50, 51, 86, 86, 86, 87, 87, 87, 88, 76, 88, 68, 52, 52, 53, 74,
       69, 69, 70, 44, 43, 107, 107, 108, 109, 109, 110, 111, 102, 103,
       97, 96, 70, 120, 104, 104, 90, 90, 100, 100, 42, 53, 53, 39, 40,
       40, 41, 48, 49, 49, 42, 43, 82, 83, 49, 74, 75, 37, 41, 43, 42,
       42, 100, 100, 100, 83, 84, 84, 67, 101, 101, 102, 102, 97, 97, 29,
       29, 29, 52, 50, 51, 52, 34, 34, 17, 17, 74, 94, 78, 79, 100, 100,
       102, 103, 103, 103, 103, 104, 104, 105, 83, 85, 85, 79, 7, 88, 89,
       89, 89, 90, 90, 86, 78, 78, 80, 81, 81, 79, 80, 82, 82, 83, 67,
       68, 49, 84, 89, 49, 50, 50, 86, 86, 96, 87, 87, 87, 84, 88, 57,
       57, 58, 69, 68, 68, 41, 42, 43, 44, 43, 44, 107, 106, 102, 109,
       109, 94, 95, 96, 97, 96, 70, 120, 104, 104, 90, 90, 8, 8, 2, 51,
       53, 52, 40, 40, 48, 48, 35, 48, 59, 49, 50, 50, 51, 51, 75, 32,
       41, 42, 39, 108, 110, 100, 102, 95, 96, 96, 97, 97, 84, 92, 98,
       98, 28, 29, 29, 29, 30, 99, 100, 101, 116, 17, 17, 21, 106, 108,
       86, 79, 99, 100, 101, 101, 102, 102, 103, 104, 104, 83, 83, 83,
       84, 84, 97, 98, 82, 83, 89, 89, 90, 86, 79, 80, 80, 81, 81, 79,
       79, 80, 82, 83, 82, 83, 83, 84, 85, 49, 50, 50, 32, 31, 86, 87,
       87, 87, 87, 87, 57, 57, 58, 67, 68, 68, 69, 42, 41, 42, 43, 44,
       108, 101, 102, 93, 94, 94, 95, 96, 81, 76, 106, 44, 60, 60, 40,
       40, 8, 8, 2, 2, 108, 108, 12, 12, 22, 22, 28, 28, 34, 34, 10, 10,
       40, 40, 50, 50, 68, 68, 106, 106, 16, 16, 16, 16, 38, 38, 124,
       124, 30, 30, 8, 8, 22, 22, 14, 14, 34, 34, 106, 106, 98, 98, 114,
       114, 108, 108, 4, 4, 92, 92, 120, 120, 74, 74, 42, 42, 84, 84,
       112, 112, 16, 16, 40, 40, 24, 24, 42, 42, 10, 10, 80, 80, 124,
       124, 116, 116, 10, 10, 114, 114, 76, 76, 34, 34, 96, 96, 94, 94,
       90, 90, 0, 0, 90, 90, 98, 98, 118, 118, 96, 96, 74, 74, 80, 80,
       112, 112, 16, 16, 2, 2, 122, 122, 24, 24, 100, 100, 78, 78, 44,
       44, 60, 60, 40, 40, 4, 4, 124, 124, 50, 50, 54, 54, 120, 120, 86,
       86, 16, 16, 84, 84, 52, 52, 44, 44, 30, 30, 86, 86, 6, 6, 76, 76,
       42, 42, 10, 10, 66, 66, 10, 10, 6, 6, 68, 68, 52, 52, 50, 50, 2,
       2, 80, 80, 46, 46, 22, 22, 110, 110, 0, 0, 0, 0, 6, 6, 26, 26, 36,
       36, 120, 120, 82, 82, 84, 84, 12, 12, 104, 104, 74, 74, 112, 112,
       6, 6, 34, 34, 60, 60, 58, 58, 100, 100, 114, 114, 122, 122, 4, 4,
       118, 118, 40, 40, 84, 84, 28, 28, 12, 12, 24, 24, 26, 26, 86, 86,
       118, 118, 16, 16, 28, 28, 126, 126, 4, 4, 94, 94, 40, 40, 102,
       102, 4, 4, 4, 4, 124, 124, 50, 50, 54, 54, 120, 120, 86, 86, 16,
       16, 84, 84, 52, 52, 44, 44, 30, 30, 86, 86, 6, 6, 76, 76, 42, 42,
       10, 10, 66, 66, 10, 10, 6, 6, 68, 68, 52, 52, 50, 50, 2, 2, 80,
       80, 46, 46, 22, 22, 110, 110, 0, 0, 0, 0, 6, 6, 26, 26, 36, 36,
       120, 120, 82, 82, 84, 84, 12, 12, 104, 104, 74, 74, 112, 112, 6,
       6, 34, 34, 60, 60, 58, 58, 100, 100, 114, 114, 122, 122, 4, 4,
       118, 118, 40, 40, 84, 84, 28, 28, 12, 12, 24, 24, 26, 26, 86, 86,
       118, 118, 16, 16, 28, 28, 126, 126, 4, 4, 94, 94, 40, 40, 102,
       102, 4, 4, 88, 88, 78, 78, 96, 96, 30, 30, 122, 122, 90, 90, 0, 0,
       28, 28, 72, 72, 2, 2, 48, 48, 34, 34, 14, 14, 22, 22, 64, 64, 124,
       124, 32, 32, 106, 106, 4, 4, 124, 124, 74, 74, 74, 74, 72, 72,
       114, 114, 92, 92, 10, 10, 96, 96, 44, 44, 42, 42, 118, 118, 24,
       24, 126, 126, 0, 0, 96, 96, 64, 64, 52, 52, 50, 50, 22, 22, 44,
       44, 32, 32, 12, 12, 108, 108, 42, 42, 18, 18, 96, 96, 46, 46, 8,
       8, 90, 90, 124, 124, 46, 46, 24, 24, 72, 72, 52, 52, 60, 60, 42,
       42, 42, 42, 84, 84, 40, 40, 14, 14, 82, 82, 46, 46, 66, 66, 18,
       18, 16, 16, 88, 88, 78, 78, 96, 96, 30, 30, 122, 122, 90, 90, 0,
       0, 28, 28, 72, 72, 2, 2, 48, 48, 34, 34, 14, 14, 22, 22, 64, 64,
       124, 124, 32, 32, 106, 106, 4, 4, 124, 124, 74, 74, 74, 74, 72,
       72, 114, 114, 92, 92, 10, 10, 96, 96, 44, 44, 42, 42, 118, 118,
       24, 24, 126, 126, 0, 0, 96, 96, 64, 64, 52, 52, 50, 50, 22, 22,
       44, 44, 32, 32, 12, 12, 108, 108, 42, 42, 18, 18, 96, 96, 46, 46,
       8, 8, 90, 90, 124, 124, 46, 46, 24, 24, 72, 72, 52, 52, 60, 60,
       42, 42, 42, 42, 84, 84, 40, 40, 14, 14, 82, 82, 46, 46, 66, 66,
       18, 18, 16, 16, 0, 0, 0, 0, 0, 0, 0, 0, 0, 0, 0, 0, 0, 0, 0, 0, 0,
       0, 0, 0, 0, 0, 0, 0, 0, 0, 0, 0, 0, 0, 0, 0, 0, 0, 0, 0, 0, 0, 0,
       0, 0, 0, 0, 0, 0, 0, 0, 0, 0, 0, 0, 0, 0, 0, 0, 0, 0, 0, 0, 0, 0,
       0, 0, 0, 0, 0, 0, 0, 0, 0, 0, 0, 0, 0, 0, 0, 0, 0, 0, 0, 0, 0, 0,
       0, 0, 0, 0, 0, 0, 0, 0, 0, 0, 0, 0, 0, 0, 0, 0, 0, 0, 0, 0, 0, 0,
       0, 0, 0, 0, 0, 0, 0, 0, 0, 0, 0, 0, 0, 0, 0, 0, 0, 0, 0, 0, 0, 0,
       0
